sending_region,receiving_region,milliseconds
africa-south1,us-west1,268.535
africa-south1,asia-south1,127.342
africa-south1,europe-west6,167.436
africa-south1,us-west4,275.009
africa-south1,me-central1,108.389
africa-south1,us-west2,277.181
africa-south1,europe-west4,168.339
africa-south1,us-central1,236.632
africa-south1,europe-west9,156.147
africa-south1,us-east1,227.269
africa-south1,northamerica-northeast2,227.059
africa-south1,me-west1,169.886
africa-south1,australia-southeast1,282.032
africa-south1,northamerica-northeast1,220.132
africa-south1,europe-north1,197.21
africa-south1,europe-central2,185.419
africa-south1,asia-northeast1,260.518
africa-south1,southamerica-east1,331.291
africa-south1,europe-west3,164.244
africa-south1,southamerica-west1,329.961
africa-south1,europe-west2,157.521
africa-south1,europe-west12,161.387
africa-south1,asia-east2,214.313
africa-south1,asia-northeast3,249.309
africa-south1,asia-northeast2,265.902
africa-south1,europe-west10,172.362
africa-south1,asia-southeast2,201.864
africa-south1,us-west3,256.9
africa-south1,asia-south2,153.172
africa-south1,us-east5,223.468
africa-south1,us-east4,216.422
africa-south1,australia-southeast2,272.591
africa-south1,europe-west1,163.887
africa-south1,europe-southwest1,140.841
africa-south1,asia-southeast1,188.596
africa-south1,europe-west8,162.36
africa-south1,asia-east1,236.717
africa-south1,us-south1,247.221
asia-east1,southamerica-east1,283.904
asia-east1,europe-west9,214.419
asia-east1,europe-central2,223.745
asia-east1,us-west1,118.57
asia-east1,europe-west3,205.582
asia-east1,europe-west6,209.417
asia-east1,us-south1,157.471
asia-east1,us-east1,183.984
asia-east1,europe-west4,212.363
asia-east1,us-east4,173.291
asia-east1,asia-south1,108.088
asia-east1,europe-west10,216.839
asia-east1,europe-west2,216.997
asia-east1,europe-north1,235.991
asia-east1,us-east5,168.285
asia-east1,us-central1,149.756
asia-east1,europe-west12,216.726
asia-east1,asia-northeast3,36.009
asia-east1,asia-east2,23.198
asia-east1,us-west3,140.815
asia-east1,asia-southeast1,49.723
asia-east1,australia-southeast2,131.43
asia-east1,me-central1,150.632
asia-east1,asia-south2,117.256
asia-east1,asia-southeast2,62.424
asia-east1,northamerica-northeast2,171.804
asia-east1,australia-southeast1,130.464
asia-east1,asia-northeast1,34.956
asia-east1,us-west2,126.942
asia-east1,me-west1,197.25
asia-east1,northamerica-northeast1,179.59
asia-east1,southamerica-west1,231.997
asia-east1,asia-northeast2,35.102
asia-east1,us-west4,132.388
asia-east1,europe-west1,212.331
asia-east1,europe-southwest1,228.333
asia-east1,europe-west8,214.45
asia-east1,africa-south1,236.735
asia-east2,europe-central2,210.42
asia-east2,asia-northeast2,55.644
asia-east2,australia-southeast2,119.589
asia-east2,europe-west6,196.377
asia-east2,northamerica-northeast1,198.871
asia-east2,europe-west8,201.681
asia-east2,europe-west4,200.02
asia-east2,europe-west1,200.009
asia-east2,us-east1,200.185
asia-east2,europe-west2,203.124
asia-east2,us-central1,188.316
asia-east2,southamerica-east1,297.617
asia-east2,europe-north1,222.144
asia-east2,asia-south1,85.884
asia-east2,me-central1,128.757
asia-east2,us-west4,148.532
asia-east2,us-west2,143.011
asia-east2,us-east5,188.142
asia-east2,asia-southeast2,48.939
asia-east2,me-west1,175.669
asia-east2,asia-east1,20.612
asia-east2,europe-west12,203.876
asia-east2,europe-west3,194.399
asia-east2,us-west1,136.126
asia-east2,europe-west9,201.946
asia-east2,africa-south1,214.09
asia-east2,us-west3,156.781
asia-east2,europe-southwest1,215.772
asia-east2,australia-southeast1,127.977
asia-east2,asia-south2,108.245
asia-east2,asia-southeast1,35.607
asia-east2,southamerica-west1,247.988
asia-east2,asia-northeast3,36.46
asia-east2,asia-northeast1,47.688
asia-east2,us-south1,173.618
asia-east2,europe-west10,203.315
asia-east2,us-east4,193.673
asia-east2,northamerica-northeast2,192.465
asia-northeast1,asia-south2,139.602
asia-northeast1,europe-central2,240.812
asia-northeast1,europe-west10,232.511
asia-northeast1,europe-southwest1,219.214
asia-northeast1,europe-west2,216.26
asia-northeast1,asia-south1,131.255
asia-northeast1,europe-west6,236.735
asia-northeast1,asia-southeast2,84.744
asia-northeast1,europe-west12,235.587
asia-northeast1,europe-west9,221.521
asia-northeast1,europe-north1,247.791
asia-northeast1,europe-west4,223.878
asia-northeast1,us-east1,156.044
asia-northeast1,us-west1,88.5
asia-northeast1,australia-southeast1,105.883
asia-northeast1,northamerica-northeast2,143.407
asia-northeast1,southamerica-west1,204.546
asia-northeast1,me-west1,221.439
asia-northeast1,europe-west3,231.467
asia-northeast1,europe-west8,240.237
asia-northeast1,africa-south1,259.925
asia-northeast1,australia-southeast2,114.686
asia-northeast1,northamerica-northeast1,152.002
asia-northeast1,asia-northeast3,31.46
asia-northeast1,us-central1,145.461
asia-northeast1,us-west4,104.895
asia-northeast1,us-east5,137.629
asia-northeast1,us-west2,99.52
asia-northeast1,us-south1,130.049
asia-northeast1,us-east4,145.167
asia-northeast1,europe-west1,224.484
asia-northeast1,asia-east1,34.786
asia-northeast1,asia-east2,47.702
asia-northeast1,asia-northeast2,8.623
asia-northeast1,us-west3,113.962
asia-northeast1,me-central1,172.195
asia-northeast1,southamerica-east1,254.911
asia-northeast1,asia-southeast1,72.045
asia-northeast2,southamerica-west1,212.376
asia-northeast2,asia-south2,147.801
asia-northeast2,asia-east2,55.649
asia-northeast2,europe-north1,259.278
asia-northeast2,europe-west12,248.496
asia-northeast2,europe-west6,243.14
asia-northeast2,australia-southeast1,105.824
asia-northeast2,southamerica-east1,261.939
asia-northeast2,asia-southeast1,79.912
asia-northeast2,europe-west9,233.275
asia-northeast2,europe-west4,236.046
asia-northeast2,europe-central2,254.95
asia-northeast2,us-central1,152.575
asia-northeast2,europe-west10,243.779
asia-northeast2,us-east1,164.24
asia-northeast2,us-west2,107.265
asia-northeast2,us-west1,101.272
asia-northeast2,us-east4,156.129
asia-northeast2,me-central1,179.271
asia-northeast2,asia-south1,139.324
asia-northeast2,europe-west3,235.833
asia-northeast2,europe-west1,235.568
asia-northeast2,asia-southeast2,93.337
asia-northeast2,northamerica-northeast2,154.882
asia-northeast2,me-west1,233.23
asia-northeast2,europe-southwest1,230.462
asia-northeast2,us-west3,120.957
asia-northeast2,europe-west2,226.84
asia-northeast2,africa-south1,265.397
asia-northeast2,northamerica-northeast1,164.262
asia-northeast2,us-east5,151.016
asia-northeast2,australia-southeast2,117.181
asia-northeast2,us-south1,138.147
asia-northeast2,asia-east1,35.092
asia-northeast2,asia-northeast1,8.63
asia-northeast2,us-west4,112.755
asia-northeast2,asia-northeast3,31.319
asia-northeast2,europe-west8,246.662
asia-northeast3,southamerica-east1,282.242
asia-northeast3,me-central1,163.86
asia-northeast3,asia-southeast2,83.537
asia-northeast3,us-west1,117.358
asia-northeast3,europe-west12,237.731
asia-northeast3,europe-southwest1,246.554
asia-northeast3,europe-west10,237.629
asia-northeast3,europe-west2,239.101
asia-northeast3,europe-west4,233.592
asia-northeast3,asia-south1,121.642
asia-northeast3,me-west1,210.421
asia-northeast3,asia-south2,143.292
asia-northeast3,southamerica-west1,231.943
asia-northeast3,northamerica-northeast1,178.734
asia-northeast3,australia-southeast1,127.084
asia-northeast3,europe-north1,257.609
asia-northeast3,europe-west8,235.772
asia-northeast3,europe-west1,233.498
asia-northeast3,us-east4,174.204
asia-northeast3,asia-northeast1,31.443
asia-northeast3,asia-east1,35.985
asia-northeast3,us-west2,126.598
asia-northeast3,europe-west3,228.17
asia-northeast3,us-west3,140.661
asia-northeast3,us-west4,131.892
asia-northeast3,us-central1,172.758
asia-northeast3,africa-south1,248.761
asia-northeast3,asia-southeast1,70.262
asia-northeast3,northamerica-northeast2,170.965
asia-northeast3,australia-southeast2,139.075
asia-northeast3,europe-west9,236.613
asia-northeast3,europe-west6,232.582
asia-northeast3,asia-east2,36.46
asia-northeast3,us-east5,167.163
asia-northeast3,us-east1,183.924
asia-northeast3,us-south1,157.339
asia-northeast3,asia-northeast2,31.318
asia-northeast3,europe-central2,245.919
asia-south1,southamerica-east1,323.823
asia-south1,africa-south1,127.557
asia-south1,me-central1,40.923
asia-south1,australia-southeast1,152.554
asia-south1,europe-west3,137.577
asia-south1,europe-southwest1,144.152
asia-south1,europe-west1,139.119
asia-south1,asia-northeast1,131.245
asia-south1,europe-west8,128.46
asia-south1,europe-west12,130.268
asia-south1,europe-west9,136.165
asia-south1,europe-west6,137.231
asia-south1,asia-northeast3,121.658
asia-south1,asia-east1,108.076
asia-south1,asia-southeast2,73.323
asia-south1,asia-southeast1,59.727
asia-south1,us-east1,221.944
asia-south1,europe-west4,144.072
asia-south1,europe-central2,157.519
asia-south1,asia-east2,85.889
asia-south1,asia-northeast2,139.221
asia-south1,asia-south2,24.505
asia-south1,us-east4,212.145
asia-south1,us-west4,224.108
asia-south1,europe-west10,147.506
asia-south1,northamerica-northeast2,230.506
asia-south1,northamerica-northeast1,219.152
asia-south1,us-west2,222.573
asia-south1,me-west1,96.8
asia-south1,us-central1,240.03
asia-south1,europe-west2,144.422
asia-south1,australia-southeast2,144.255
asia-south1,us-south1,238.814
asia-south1,us-west3,233.493
asia-south1,us-east5,219.225
asia-south1,europe-north1,172.628
asia-south1,southamerica-west1,323.82
asia-south1,us-west1,219.951
asia-south2,europe-north1,193.471
asia-south2,asia-southeast2,81.873
asia-south2,asia-northeast2,147.291
asia-south2,northamerica-northeast1,245.399
asia-south2,asia-northeast1,139.601
asia-south2,us-west3,241.072
asia-south2,us-west1,225.362
asia-south2,europe-southwest1,165.275
asia-south2,europe-west1,161.07
asia-south2,europe-central2,180.178
asia-south2,australia-southeast2,151.465
asia-south2,europe-west2,168.24
asia-south2,europe-west4,170.658
asia-south2,us-east5,240.804
asia-south2,europe-west12,151.182
asia-south2,us-west2,227.221
asia-south2,us-east4,234.716
asia-south2,us-south1,258.475
asia-south2,us-east1,249.715
asia-south2,europe-west9,157.354
asia-south2,europe-west10,173.095
asia-south2,asia-northeast3,143.286
asia-south2,europe-west6,156.565
asia-south2,asia-south1,24.502
asia-south2,europe-west8,153.761
asia-south2,asia-southeast1,67.011
asia-south2,us-west4,233.463
asia-south2,northamerica-northeast2,253.131
asia-south2,us-central1,259.683
asia-south2,europe-west3,160.031
asia-south2,asia-east2,108.248
asia-south2,africa-south1,151.878
asia-south2,asia-east1,117.251
asia-south2,me-central1,64.491
asia-south2,southamerica-east1,345.332
asia-south2,southamerica-west1,330.927
asia-south2,me-west1,117.966
asia-south2,australia-southeast1,156.953
asia-southeast1,europe-west1,163.726
asia-southeast1,europe-west10,167.937
asia-southeast1,europe-north1,187.23
asia-southeast1,europe-west6,162.516
asia-southeast1,australia-southeast2,84.311
asia-southeast1,asia-northeast2,79.909
asia-southeast1,europe-west3,156.105
asia-southeast1,europe-west12,170.453
asia-southeast1,europe-west9,166.685
asia-southeast1,me-central1,100.079
asia-southeast1,northamerica-northeast1,219.321
asia-southeast1,southamerica-east1,317.981
asia-southeast1,asia-south1,59.719
asia-southeast1,us-central1,205.72
asia-southeast1,europe-west2,167.893
asia-southeast1,northamerica-northeast2,212.898
asia-southeast1,europe-west4,162.16
asia-southeast1,us-east5,209.804
asia-southeast1,asia-south2,67.001
asia-southeast1,australia-southeast1,93.263
asia-southeast1,me-west1,149.751
asia-southeast1,us-east1,217.926
asia-southeast1,europe-southwest1,182.015
asia-southeast1,europe-west8,165.518
asia-southeast1,asia-southeast2,13.729
asia-southeast1,asia-northeast3,70.274
asia-southeast1,us-east4,212.89
asia-southeast1,asia-east1,50.533
asia-southeast1,southamerica-west1,264.592
asia-southeast1,asia-east2,35.609
asia-southeast1,us-south1,190.587
asia-southeast1,us-west4,164.757
asia-southeast1,europe-central2,175.839
asia-southeast1,us-west3,173.653
asia-southeast1,africa-south1,189.158
asia-southeast1,us-west2,163.465
asia-southeast1,us-west1,158.147
asia-southeast1,asia-northeast1,72.136
asia-southeast2,europe-west2,183.908
asia-southeast2,asia-south2,81.882
asia-southeast2,northamerica-northeast1,234.41
asia-southeast2,asia-northeast3,83.478
asia-southeast2,europe-west1,175.924
asia-southeast2,europe-west6,176.06
asia-southeast2,europe-west4,177.59
asia-southeast2,us-central1,218.914
asia-southeast2,europe-west12,181.603
asia-southeast2,us-west4,178.547
asia-southeast2,europe-north1,198.978
asia-southeast2,asia-northeast1,84.76
asia-southeast2,europe-central2,188.56
asia-southeast2,me-central1,114.965
asia-southeast2,us-east4,226.068
asia-southeast2,us-east1,229.921
asia-southeast2,us-west3,186.921
asia-southeast2,asia-south1,73.332
asia-southeast2,northamerica-northeast2,226.923
asia-southeast2,me-west1,170.627
asia-southeast2,europe-southwest1,194.79
asia-southeast2,europe-west10,180.536
asia-southeast2,europe-west9,181.053
asia-southeast2,asia-northeast2,93.337
asia-southeast2,southamerica-west1,277.926
asia-southeast2,us-west2,173.16
asia-southeast2,asia-east2,50.014
asia-southeast2,us-south1,203.409
asia-southeast2,southamerica-east1,328.262
asia-southeast2,asia-southeast1,13.718
asia-southeast2,australia-southeast2,98.112
asia-southeast2,africa-south1,201.255
asia-southeast2,australia-southeast1,106.747
asia-southeast2,europe-west8,178.571
asia-southeast2,asia-east1,62.558
asia-southeast2,europe-west3,170.908
asia-southeast2,us-west1,170.717
asia-southeast2,us-east5,222.363
australia-southeast1,europe-west9,268.645
australia-southeast1,europe-west1,258.651
australia-southeast1,us-east1,195.039
australia-southeast1,europe-north1,293.526
australia-southeast1,asia-south1,152.578
australia-southeast1,asia-northeast2,105.827
australia-southeast1,europe-southwest1,265.791
australia-southeast1,europe-west12,260.456
australia-southeast1,us-east5,186.526
australia-southeast1,europe-west6,254.668
australia-southeast1,australia-southeast2,13.661
australia-southeast1,africa-south1,280.953
australia-southeast1,southamerica-east1,293.391
australia-southeast1,asia-northeast1,105.761
australia-southeast1,us-south1,168.607
australia-southeast1,us-west1,137.376
australia-southeast1,us-west4,143.717
australia-southeast1,europe-west3,250.335
australia-southeast1,us-west2,137.797
australia-southeast1,asia-northeast3,127.084
australia-southeast1,asia-southeast1,93.266
australia-southeast1,europe-west8,257.966
australia-southeast1,europe-central2,268.014
australia-southeast1,me-central1,195.852
australia-southeast1,me-west1,242.957
australia-southeast1,northamerica-northeast1,197.334
australia-southeast1,southamerica-west1,243
australia-southeast1,asia-east2,127.982
australia-southeast1,asia-southeast2,106.906
australia-southeast1,asia-east1,130.461
australia-southeast1,us-central1,168.079
australia-southeast1,us-west3,151.482
australia-southeast1,us-east4,191.976
australia-southeast1,europe-west4,256.763
australia-southeast1,europe-west2,263.044
australia-southeast1,asia-south2,156.991
australia-southeast1,europe-west10,259.958
australia-southeast1,northamerica-northeast2,190.142
australia-southeast2,europe-west6,245.191
australia-southeast2,us-west3,163.194
australia-southeast2,us-south1,179.372
australia-southeast2,asia-east2,119.437
australia-southeast2,asia-southeast1,84.036
australia-southeast2,asia-south2,151.474
australia-southeast2,europe-north1,270.28
australia-southeast2,europe-southwest1,277.249
australia-southeast2,us-central1,209.402
australia-southeast2,us-west2,149.251
australia-southeast2,australia-southeast1,13.662
australia-southeast2,northamerica-northeast2,201.489
australia-southeast2,me-west1,232.522
australia-southeast2,southamerica-east1,305.005
australia-southeast2,us-west1,148.156
australia-southeast2,europe-west12,256.684
australia-southeast2,europe-west2,254.161
australia-southeast2,us-west4,154.612
australia-southeast2,us-east4,225.588
australia-southeast2,asia-northeast1,114.691
australia-southeast2,me-central1,183.933
australia-southeast2,europe-west1,250.757
australia-southeast2,us-east1,206.244
australia-southeast2,northamerica-northeast1,209.202
australia-southeast2,southamerica-west1,254.353
australia-southeast2,asia-south1,144.295
australia-southeast2,asia-east1,131.452
australia-southeast2,europe-west4,248.48
australia-southeast2,asia-southeast2,97.709
australia-southeast2,europe-west3,240.619
australia-southeast2,asia-northeast3,139.066
australia-southeast2,asia-northeast2,117.175
australia-southeast2,europe-west10,253.468
australia-southeast2,europe-central2,258.738
australia-southeast2,us-east5,227.879
australia-southeast2,africa-south1,272.587
australia-southeast2,europe-west9,250.889
australia-southeast2,europe-west8,250.942
europe-central2,asia-east2,210.424
europe-central2,europe-west4,17.888
europe-central2,us-west1,151.161
europe-central2,me-west1,71.326
europe-central2,asia-northeast1,240.81
europe-central2,asia-east1,223.652
europe-central2,us-central1,119.987
europe-central2,asia-south2,180.172
europe-central2,asia-southeast2,188.568
europe-central2,us-east1,107.385
europe-central2,us-south1,126.336
europe-central2,asia-northeast2,254.957
europe-central2,us-east4,96.6
europe-central2,europe-west12,31.765
europe-central2,europe-north1,19.402
europe-central2,europe-west2,26.03
europe-central2,europe-west9,25.027
europe-central2,me-central1,106.882
europe-central2,southamerica-east1,210.293
europe-central2,africa-south1,184.967
europe-central2,europe-west1,20.771
europe-central2,europe-southwest1,39.616
europe-central2,europe-west10,9.374
europe-central2,asia-south1,157.529
europe-central2,australia-southeast1,268.014
europe-central2,northamerica-northeast2,108.262
europe-central2,us-west4,153.759
europe-central2,us-west2,157.463
europe-central2,us-east5,104.443
europe-central2,us-west3,138.772
europe-central2,europe-west6,23.773
europe-central2,europe-west3,19.749
europe-central2,australia-southeast2,258.743
europe-central2,southamerica-west1,210.275
europe-central2,asia-southeast1,175.828
europe-central2,europe-west8,29.99
europe-central2,northamerica-northeast1,101.366
europe-central2,asia-northeast3,245.908
europe-north1,asia-south2,193.489
europe-north1,me-west1,81.456
europe-north1,us-west1,157.842
europe-north1,australia-southeast1,294.08
europe-north1,us-east5,115.886
europe-north1,asia-northeast2,259.284
europe-north1,us-east1,120.463
europe-north1,asia-southeast1,187.219
europe-north1,australia-southeast2,270.293
europe-north1,northamerica-northeast1,116.027
europe-north1,asia-southeast2,198.892
europe-north1,us-south1,139.05
europe-north1,asia-northeast1,246.932
europe-north1,europe-west10,19.598
europe-north1,europe-central2,19.398
europe-north1,southamerica-east1,215.782
europe-north1,africa-south1,197.058
europe-north1,asia-east1,236.014
europe-north1,northamerica-northeast2,122.868
europe-north1,southamerica-west1,216.941
europe-north1,asia-northeast3,257.603
europe-north1,us-central1,137.34
europe-north1,asia-east2,222.161
europe-north1,europe-west6,33.957
europe-north1,us-west4,159.449
europe-north1,europe-west1,34.507
europe-north1,europe-west12,43.277
europe-north1,europe-west3,30.103
europe-north1,us-east4,106.757
europe-north1,europe-west2,39.911
europe-north1,us-west3,144.247
europe-north1,europe-southwest1,50.127
europe-north1,europe-west9,35.193
europe-north1,me-central1,118.43
europe-north1,asia-south1,172.637
europe-north1,europe-west4,31.437
europe-north1,us-west2,163.446
europe-north1,europe-west8,40.383
europe-southwest1,europe-west12,19.748
europe-southwest1,northamerica-northeast1,80.645
europe-southwest1,asia-south2,165.282
europe-southwest1,asia-northeast1,219.197
europe-southwest1,asia-south1,144.175
europe-southwest1,asia-northeast3,246.574
europe-southwest1,australia-southeast1,266.348
europe-southwest1,australia-southeast2,277.238
europe-southwest1,us-west1,129.209
europe-southwest1,southamerica-west1,191.438
europe-southwest1,us-central1,98.165
europe-southwest1,us-east5,83.878
europe-southwest1,us-east1,88.573
europe-southwest1,us-west4,136.192
europe-southwest1,us-west3,116.42
europe-southwest1,northamerica-northeast2,88.421
europe-southwest1,us-south1,107.936
europe-southwest1,asia-southeast2,194.801
europe-southwest1,europe-central2,39.601
europe-southwest1,us-west2,139.319
europe-southwest1,me-central1,88.95
europe-southwest1,us-east4,77.755
europe-southwest1,southamerica-east1,191.518
europe-southwest1,europe-west9,16.22
europe-southwest1,asia-northeast2,230.488
europe-southwest1,asia-southeast1,182.009
europe-southwest1,europe-north1,50.123
europe-southwest1,asia-east2,215.789
europe-southwest1,europe-west8,20.962
europe-southwest1,europe-west1,19.348
europe-southwest1,europe-west4,26.344
europe-southwest1,europe-west6,24.858
europe-southwest1,europe-west3,24.559
europe-southwest1,europe-west2,23.965
europe-southwest1,europe-west10,31.003
europe-southwest1,asia-east1,228.327
europe-southwest1,me-west1,52.395
europe-southwest1,africa-south1,140.812
europe-west1,asia-southeast1,163.72
europe-west1,southamerica-west1,193.559
europe-west1,australia-southeast1,258.65
europe-west1,europe-west4,7.085
europe-west1,me-west1,52.296
europe-west1,asia-southeast2,175.921
europe-west1,asia-south2,161.051
europe-west1,asia-south1,139.162
europe-west1,us-south1,111.365
europe-west1,us-central1,107.313
europe-west1,northamerica-northeast1,81.569
europe-west1,us-west1,134.632
europe-west1,us-east5,87.896
europe-west1,us-east1,90.543
europe-west1,us-east4,80.175
europe-west1,asia-east2,200.025
europe-west1,europe-central2,20.756
europe-west1,northamerica-northeast2,88.933
europe-west1,asia-northeast3,233.498
europe-west1,europe-west2,6.098
europe-west1,us-west2,141.097
europe-west1,asia-northeast2,235.842
europe-west1,europe-west8,16.301
europe-west1,australia-southeast2,250.745
europe-west1,europe-west9,4.478
europe-west1,europe-north1,34.405
europe-west1,me-central1,88.232
europe-west1,us-west3,122.032
europe-west1,europe-west3,7.284
europe-west1,asia-northeast1,224.632
europe-west1,europe-southwest1,19.353
europe-west1,europe-west10,12.223
europe-west1,asia-east1,212.932
europe-west1,africa-south1,164.787
europe-west1,us-west4,141.093
europe-west1,europe-west6,12.798
europe-west1,southamerica-east1,193.838
europe-west1,europe-west12,19.403
europe-west10,us-east1,98.995
europe-west10,asia-northeast1,232.586
europe-west10,asia-southeast1,167.925
europe-west10,us-east4,88.223
europe-west10,asia-northeast3,237.629
europe-west10,southamerica-west1,202.026
europe-west10,northamerica-northeast1,93.264
europe-west10,me-central1,97.418
europe-west10,me-west1,62.637
europe-west10,us-west2,149.238
europe-west10,us-west4,145.181
europe-west10,us-west3,130.29
europe-west10,europe-north1,19.586
europe-west10,europe-west3,11.196
europe-west10,asia-northeast2,243.78
europe-west10,asia-south2,173.098
europe-west10,asia-east1,216.838
europe-west10,southamerica-east1,202.054
europe-west10,europe-west2,17.315
europe-west10,asia-southeast2,180.546
europe-west10,europe-central2,9.356
europe-west10,northamerica-northeast2,100.112
europe-west10,asia-south1,147.519
europe-west10,europe-west8,21.506
europe-west10,us-south1,118.673
europe-west10,us-central1,111.577
europe-west10,us-east5,96.094
europe-west10,europe-west12,23.404
europe-west10,africa-south1,172.316
europe-west10,europe-west9,16.358
europe-west10,europe-west6,14.806
europe-west10,australia-southeast2,253.47
europe-west10,us-west1,142.836
europe-west10,asia-east2,203.325
europe-west10,europe-west1,12.23
europe-west10,europe-southwest1,31.003
europe-west10,australia-southeast1,259.951
europe-west10,europe-west4,9.247
europe-west12,us-south1,119.675
europe-west12,europe-southwest1,19.753
europe-west12,me-west1,43.639
europe-west12,europe-west4,19.607
europe-west12,asia-northeast2,248.496
europe-west12,us-east1,101.368
europe-west12,us-central1,115.206
europe-west12,asia-northeast3,236.776
europe-west12,us-west3,134.306
europe-west12,asia-southeast2,182.061
europe-west12,australia-southeast1,260.457
europe-west12,asia-northeast1,236.778
europe-west12,us-west1,146.884
europe-west12,us-east4,91.188
europe-west12,asia-south1,130.284
europe-west12,asia-south2,151.191
europe-west12,asia-southeast1,170.565
europe-west12,europe-central2,31.769
europe-west12,australia-southeast2,256.678
europe-west12,northamerica-northeast2,106.026
europe-west12,us-west2,152.123
europe-west12,asia-east1,216.743
europe-west12,us-east5,98.739
europe-west12,northamerica-northeast1,99.121
europe-west12,africa-south1,161.402
europe-west12,europe-west8,3.115
europe-west12,me-central1,79.803
europe-west12,europe-north1,43.272
europe-west12,asia-east2,203.881
europe-west12,europe-west10,23.426
europe-west12,europe-west3,12.86
europe-west12,europe-west2,23.881
europe-west12,europe-west6,8.06
europe-west12,europe-west9,16.423
europe-west12,us-west4,147.878
europe-west12,europe-west1,19.395
europe-west12,southamerica-east1,204.335
europe-west12,southamerica-west1,204.098
europe-west2,asia-southeast2,184.813
europe-west2,northamerica-northeast2,85.042
europe-west2,us-west3,113.1
europe-west2,asia-northeast1,216.246
europe-west2,europe-west8,21.223
europe-west2,asia-south2,168.221
europe-west2,asia-northeast3,239.1
europe-west2,asia-east2,203.159
europe-west2,us-south1,104.291
europe-west2,europe-central2,26.021
europe-west2,us-east4,74.507
europe-west2,asia-east1,217.085
europe-west2,europe-west4,9.905
europe-west2,me-central1,92.526
europe-west2,australia-southeast2,254.175
europe-west2,europe-west10,17.323
europe-west2,me-west1,56.427
europe-west2,us-east1,85.31
europe-west2,us-west4,132.31
europe-west2,europe-west1,6.094
europe-west2,europe-west9,7.143
europe-west2,asia-southeast1,167.897
europe-west2,africa-south1,158.634
europe-west2,us-west2,135.783
europe-west2,asia-south1,144.42
europe-west2,europe-west6,17.619
europe-west2,europe-north1,39.981
europe-west2,asia-northeast2,226.853
europe-west2,europe-west3,12.239
europe-west2,us-central1,94.847
europe-west2,us-west1,126.419
europe-west2,europe-west12,23.888
europe-west2,us-east5,80.722
europe-west2,northamerica-northeast1,77.43
europe-west2,europe-southwest1,23.964
europe-west2,southamerica-east1,188.245
europe-west2,australia-southeast1,263.057
europe-west2,southamerica-west1,187.693
europe-west3,us-east5,95.028
europe-west3,northamerica-northeast1,87.731
europe-west3,southamerica-east1,200.744
europe-west3,asia-south1,137.575
europe-west3,us-west1,141.729
europe-west3,us-east1,97.915
europe-west3,europe-west9,9.512
europe-west3,us-east4,87.043
europe-west3,asia-east1,206.446
europe-west3,us-west2,148.255
europe-west3,asia-southeast1,156.104
europe-west3,us-west3,128.865
europe-west3,europe-west10,11.201
europe-west3,me-central1,88.795
europe-west3,australia-southeast1,250.34
europe-west3,me-west1,53.375
europe-west3,europe-west8,9.642
europe-west3,us-south1,116.543
europe-west3,asia-northeast1,231.471
europe-west3,asia-northeast2,235.829
europe-west3,africa-south1,165.102
europe-west3,southamerica-west1,200.491
europe-west3,europe-north1,30.108
europe-west3,asia-east2,194.419
europe-west3,asia-northeast3,228.184
europe-west3,europe-west12,12.851
europe-west3,us-west4,145.417
europe-west3,asia-south2,160.036
europe-west3,europe-west2,12.253
europe-west3,europe-west1,7.257
europe-west3,australia-southeast2,240.626
europe-west3,europe-central2,19.748
europe-west3,northamerica-northeast2,94.465
europe-west3,europe-southwest1,24.571
europe-west3,us-central1,110.542
europe-west3,asia-southeast2,170.908
europe-west3,europe-west4,7.61
europe-west3,europe-west6,5.85
europe-west4,europe-west1,6.821
europe-west4,europe-central2,17.892
europe-west4,europe-west12,19.598
europe-west4,us-east4,87.154
europe-west4,us-west4,145.663
europe-west4,asia-southeast2,177.816
europe-west4,us-west2,148.673
europe-west4,africa-south1,168.346
europe-west4,northamerica-northeast1,86.077
europe-west4,southamerica-west1,200.232
europe-west4,us-south1,116.932
europe-west4,asia-northeast3,233.602
europe-west4,asia-east2,200.006
europe-west4,asia-northeast2,237.133
europe-west4,asia-south2,170.664
europe-west4,asia-northeast1,223.885
europe-west4,asia-east1,212.352
europe-west4,us-west1,134.611
europe-west4,europe-west2,9.905
europe-west4,europe-west9,11.592
europe-west4,us-west3,121.693
europe-west4,asia-south1,144.09
europe-west4,europe-west8,16.623
europe-west4,asia-southeast1,162.153
europe-west4,us-east5,90.269
europe-west4,me-central1,94.628
europe-west4,us-central1,103.008
europe-west4,australia-southeast2,248.477
europe-west4,us-east1,97.932
europe-west4,europe-west6,12.862
europe-west4,me-west1,59.418
europe-west4,europe-north1,31.709
europe-west4,europe-southwest1,26.272
europe-west4,southamerica-east1,200.949
europe-west4,europe-west3,7.609
europe-west4,australia-southeast1,256.75
europe-west4,europe-west10,9.262
europe-west4,northamerica-northeast2,92.892
europe-west6,us-east4,92.32
europe-west6,australia-southeast2,245.188
europe-west6,africa-south1,166.363
europe-west6,me-central1,85.191
europe-west6,asia-northeast2,243.135
europe-west6,us-east1,102.96
europe-west6,asia-southeast2,175.745
europe-west6,asia-southeast1,162.505
europe-west6,asia-east2,196.366
europe-west6,australia-southeast1,254.664
europe-west6,asia-northeast1,236.737
europe-west6,asia-east1,209.888
europe-west6,us-west1,146.914
europe-west6,asia-south1,137.279
europe-west6,us-central1,115.55
europe-west6,southamerica-west1,205.115
europe-west6,europe-west9,15.023
europe-west6,us-west4,149.68
europe-west6,asia-south2,157.369
europe-west6,europe-north1,33.959
europe-west6,europe-west8,5.21
europe-west6,us-south1,122.177
europe-west6,us-west3,134.291
europe-west6,northamerica-northeast2,100.029
europe-west6,europe-west2,17.622
europe-west6,europe-central2,23.78
europe-west6,europe-west10,14.813
europe-west6,europe-west4,12.573
europe-west6,asia-northeast3,232.594
europe-west6,europe-west12,8.046
europe-west6,southamerica-east1,205.876
europe-west6,europe-southwest1,24.844
europe-west6,me-west1,49.215
europe-west6,us-east5,100.078
europe-west6,europe-west3,5.854
europe-west6,europe-west1,12.808
europe-west6,northamerica-northeast1,93.373
europe-west6,us-west2,152.752
europe-west8,us-west2,156.533
europe-west8,me-west1,45.183
europe-west8,us-east4,96.005
europe-west8,us-west4,153.363
europe-west8,us-south1,124.293
europe-west8,europe-west2,21.225
europe-west8,me-central1,80.389
europe-west8,asia-south1,128.469
europe-west8,us-west3,137.896
europe-west8,asia-east2,201.689
europe-west8,us-west1,150.642
europe-west8,us-east1,106.889
europe-west8,us-east5,103.808
europe-west8,northamerica-northeast2,103.73
europe-west8,southamerica-west1,207.959
europe-west8,europe-west3,9.64
europe-west8,asia-northeast3,235.783
europe-west8,asia-northeast1,240.228
europe-west8,europe-west6,5.213
europe-west8,europe-west4,16.628
europe-west8,asia-south2,153.759
europe-west8,us-central1,119.333
europe-west8,europe-west1,16.297
europe-west8,europe-west10,21.502
europe-west8,australia-southeast1,258.216
europe-west8,europe-west12,3.118
europe-west8,asia-southeast1,165.489
europe-west8,europe-southwest1,20.97
europe-west8,asia-southeast2,178.604
europe-west8,europe-west9,18.49
europe-west8,europe-central2,29.979
europe-west8,asia-east1,214.448
europe-west8,northamerica-northeast1,96.682
europe-west8,southamerica-east1,209.688
europe-west8,europe-north1,40.384
europe-west8,asia-northeast2,246.682
europe-west8,australia-southeast2,250.935
europe-west8,africa-south1,162.083
europe-west9,australia-southeast1,268.653
europe-west9,asia-east1,214.413
europe-west9,me-central1,85.241
europe-west9,us-central1,100.648
europe-west9,us-west3,118.925
europe-west9,us-west4,133.183
europe-west9,us-west2,137.831
europe-west9,africa-south1,156.636
europe-west9,europe-west3,9.508
europe-west9,asia-northeast2,233.279
europe-west9,asia-northeast1,221.04
europe-west9,asia-south1,136.171
europe-west9,asia-southeast1,166.69
europe-west9,us-east1,86.831
europe-west9,us-east4,76.226
europe-west9,asia-south2,157.352
europe-west9,europe-central2,25.008
europe-west9,us-west1,131.64
europe-west9,europe-west4,11.601
europe-west9,europe-west6,15.027
europe-west9,northamerica-northeast2,89.71
europe-west9,us-south1,105.407
europe-west9,asia-southeast2,181.069
europe-west9,europe-west2,7.155
europe-west9,europe-southwest1,16.203
europe-west9,europe-west1,4.461
europe-west9,southamerica-west1,189.194
europe-west9,us-east5,83.877
europe-west9,asia-east2,201.959
europe-west9,europe-north1,35.198
europe-west9,europe-west10,16.368
europe-west9,asia-northeast3,236.625
europe-west9,southamerica-east1,189.835
europe-west9,me-west1,49.208
europe-west9,europe-west8,18.498
europe-west9,europe-west12,16.422
europe-west9,northamerica-northeast1,82.753
europe-west9,australia-southeast2,250.409
me-central1,asia-south1,40.587
me-central1,europe-west9,85.235
me-central1,asia-northeast3,162.448
me-central1,europe-west6,85.192
me-central1,southamerica-west1,274.002
me-central1,me-central1,0.304
me-central1,africa-south1,107.786
me-central1,me-west1,83.354
me-central1,us-east4,158.917
me-central1,europe-west10,97.34
me-central1,europe-west8,80.746
me-central1,us-west1,215.4
me-central1,us-south1,189.52
me-central1,asia-southeast2,115.242
me-central1,us-east5,167.358
me-central1,southamerica-east1,273.518
me-central1,northamerica-northeast1,166.937
me-central1,northamerica-northeast2,174.596
me-central1,us-west3,202.698
me-central1,asia-southeast1,100.069
me-central1,us-east1,169.789
me-central1,europe-west3,88.783
me-central1,europe-central2,106.958
me-central1,europe-west2,92.557
me-central1,asia-northeast2,179.281
me-central1,europe-southwest1,88.222
me-central1,us-west2,221.741
me-central1,asia-east2,128.384
me-central1,australia-southeast2,183.965
me-central1,europe-west4,94.845
me-central1,europe-west12,79.05
me-central1,australia-southeast1,195.94
me-central1,us-central1,183.962
me-central1,europe-west1,88.291
me-central1,us-west4,216.875
me-central1,asia-east1,150.839
me-central1,europe-north1,118.428
me-central1,asia-south2,63.618
me-central1,asia-northeast1,172.104
me-west1,europe-north1,81.459
me-west1,europe-west8,45.116
me-west1,us-east4,123.941
me-west1,europe-west12,43.642
me-west1,europe-central2,71.345
me-west1,europe-west1,52.303
me-west1,me-central1,83.355
me-west1,us-west3,166.288
me-west1,europe-west10,62.645
me-west1,us-south1,153.166
me-west1,africa-south1,170.42
me-west1,southamerica-east1,237.513
me-west1,australia-southeast2,232.524
me-west1,us-east1,134.604
me-west1,asia-southeast2,170.637
me-west1,asia-northeast3,210.427
me-west1,us-west4,180.947
me-west1,europe-west3,53.41
me-west1,europe-west2,56.445
me-west1,asia-northeast1,221.445
me-west1,southamerica-west1,237.352
me-west1,northamerica-northeast1,131.932
me-west1,us-west2,184.287
me-west1,asia-southeast1,149.746
me-west1,asia-south1,96.781
me-west1,asia-northeast2,233.236
me-west1,asia-east2,175.675
me-west1,australia-southeast1,242.963
me-west1,us-west1,179.172
me-west1,us-east5,131.419
me-west1,europe-west4,59.415
me-west1,asia-east1,197.254
me-west1,europe-west9,49.209
me-west1,northamerica-northeast2,139.034
me-west1,us-central1,148.637
me-west1,europe-west6,49.237
me-west1,europe-southwest1,52.395
me-west1,asia-south2,117.956
northamerica-northeast1,europe-west3,87.706
northamerica-northeast1,asia-south2,245.389
northamerica-northeast1,europe-southwest1,80.733
northamerica-northeast1,asia-southeast2,234.409
northamerica-northeast1,us-east4,14.508
northamerica-northeast1,asia-east2,198.868
northamerica-northeast1,europe-west1,81.571
northamerica-northeast1,europe-west4,86.076
northamerica-northeast1,europe-west10,93.26
northamerica-northeast1,europe-north1,116.041
northamerica-northeast1,me-central1,166.926
northamerica-northeast1,asia-southeast1,219.303
northamerica-northeast1,africa-south1,220.177
northamerica-northeast1,southamerica-east1,127.714
northamerica-northeast1,us-west3,48.019
northamerica-northeast1,us-east1,24.647
northamerica-northeast1,asia-northeast3,178.725
northamerica-northeast1,us-west1,60.383
northamerica-northeast1,me-west1,131.92
northamerica-northeast1,southamerica-west1,128.459
northamerica-northeast1,asia-northeast1,152.009
northamerica-northeast1,asia-south1,219.15
northamerica-northeast1,europe-west12,99.144
northamerica-northeast1,australia-southeast2,209.22
northamerica-northeast1,australia-southeast1,197.862
northamerica-northeast1,us-central1,29.265
northamerica-northeast1,asia-northeast2,164.28
northamerica-northeast1,us-east5,20.323
northamerica-northeast1,us-west2,74.422
northamerica-northeast1,northamerica-northeast2,9.312
northamerica-northeast1,us-west4,67.75
northamerica-northeast1,asia-east1,179.602
northamerica-northeast1,europe-west2,77.275
northamerica-northeast1,europe-west9,82.756
northamerica-northeast1,europe-west8,96.682
northamerica-northeast1,europe-central2,101.364
northamerica-northeast1,europe-west6,93.298
northamerica-northeast1,us-south1,42.607
northamerica-northeast2,europe-west2,85.038
northamerica-northeast2,us-west4,60.938
northamerica-northeast2,us-east1,31.846
northamerica-northeast2,me-central1,174.52
northamerica-northeast2,southamerica-east1,135.226
northamerica-northeast2,africa-south1,227.063
northamerica-northeast2,australia-southeast2,201.509
northamerica-northeast2,asia-northeast1,143.407
northamerica-northeast2,asia-southeast2,226.658
northamerica-northeast2,europe-west8,103.726
northamerica-northeast2,us-south1,36.989
northamerica-northeast2,us-west1,53.731
northamerica-northeast2,europe-west12,106.02
northamerica-northeast2,europe-north1,122.629
northamerica-northeast2,europe-southwest1,88.428
northamerica-northeast2,europe-west9,89.712
northamerica-northeast2,europe-west1,88.924
northamerica-northeast2,europe-west10,100.117
northamerica-northeast2,asia-southeast1,212.894
northamerica-northeast2,asia-south1,230.513
northamerica-northeast2,us-east5,20.972
northamerica-northeast2,asia-northeast2,154.894
northamerica-northeast2,asia-south2,253.131
northamerica-northeast2,europe-west6,100.231
northamerica-northeast2,europe-central2,109.118
northamerica-northeast2,asia-northeast3,170.944
northamerica-northeast2,us-west3,40.91
northamerica-northeast2,southamerica-west1,135.648
northamerica-northeast2,northamerica-northeast1,9.31
northamerica-northeast2,asia-east1,171.818
northamerica-northeast2,us-east4,21.381
northamerica-northeast2,europe-west3,94.435
northamerica-northeast2,us-west2,67.229
northamerica-northeast2,me-west1,139.647
northamerica-northeast2,us-central1,22.496
northamerica-northeast2,asia-east2,192.465
northamerica-northeast2,europe-west4,92.888
northamerica-northeast2,australia-southeast1,190.122
southamerica-east1,asia-south1,323.833
southamerica-east1,asia-east1,283.898
southamerica-east1,europe-west3,200.681
southamerica-east1,asia-northeast3,282.237
southamerica-east1,asia-northeast2,262.883
southamerica-east1,us-west3,156.633
southamerica-east1,me-central1,273.505
southamerica-east1,northamerica-northeast2,134.912
southamerica-east1,southamerica-west1,52.723
southamerica-east1,me-west1,237.503
southamerica-east1,asia-southeast1,317.963
southamerica-east1,northamerica-northeast1,127.682
southamerica-east1,australia-southeast1,293.813
southamerica-east1,australia-southeast2,304.999
southamerica-east1,europe-west10,202.055
southamerica-east1,asia-east2,298.399
southamerica-east1,europe-north1,215.788
southamerica-east1,europe-central2,210.294
southamerica-east1,us-south1,134.421
southamerica-east1,africa-south1,331.301
southamerica-east1,europe-southwest1,191.573
southamerica-east1,us-east4,114.381
southamerica-east1,us-east1,116.886
southamerica-east1,asia-southeast2,328.388
southamerica-east1,us-west2,156.162
southamerica-east1,us-west4,162.112
southamerica-east1,us-west1,168.821
southamerica-east1,europe-west9,189.85
southamerica-east1,europe-west6,205.876
southamerica-east1,europe-west4,200.948
southamerica-east1,asia-south2,345.795
southamerica-east1,asia-northeast1,253.48
southamerica-east1,europe-west8,209.694
southamerica-east1,europe-west2,188.193
southamerica-east1,europe-west1,193.835
southamerica-east1,europe-west12,204.329
southamerica-east1,us-central1,137.588
southamerica-east1,us-east5,122.078
southamerica-west1,asia-northeast2,212.382
southamerica-west1,us-south1,120.276
southamerica-west1,europe-west1,193.564
southamerica-west1,me-central1,274.011
southamerica-west1,europe-west10,202.051
southamerica-west1,europe-southwest1,191.442
southamerica-west1,europe-west4,200.233
southamerica-west1,southamerica-east1,53.722
southamerica-west1,us-west4,111.739
southamerica-west1,us-west2,106.309
southamerica-west1,europe-west6,205.115
southamerica-west1,asia-northeast1,204.548
southamerica-west1,asia-northeast3,231.864
southamerica-west1,europe-west8,207.951
southamerica-west1,europe-north1,216.935
southamerica-west1,me-west1,237.22
southamerica-west1,us-central1,126.845
southamerica-west1,northamerica-northeast1,128.451
southamerica-west1,europe-west3,200.502
southamerica-west1,asia-southeast2,277.934
southamerica-west1,africa-south1,330.538
southamerica-west1,europe-west9,189.191
southamerica-west1,australia-southeast2,254.364
southamerica-west1,asia-southeast1,264.586
southamerica-west1,australia-southeast1,243.005
southamerica-west1,us-west1,129.626
southamerica-west1,us-east1,103.291
southamerica-west1,asia-east2,247.986
southamerica-west1,northamerica-northeast2,135.655
southamerica-west1,europe-central2,210.285
southamerica-west1,asia-east1,232.015
southamerica-west1,us-east5,120.227
southamerica-west1,asia-south1,323.644
southamerica-west1,asia-south2,330.929
southamerica-west1,europe-west12,204.106
southamerica-west1,us-west3,120.321
southamerica-west1,us-east4,114.673
southamerica-west1,europe-west2,187.705
us-central1,europe-west12,115.211
us-central1,europe-west9,100.697
us-central1,europe-central2,119.973
us-central1,asia-southeast2,218.919
us-central1,europe-west1,109.031
us-central1,africa-south1,236.847
us-central1,australia-southeast2,209.541
us-central1,europe-southwest1,98.186
us-central1,asia-northeast2,152.594
us-central1,asia-east2,188.325
us-central1,europe-west6,115.571
us-central1,us-west1,31.614
us-central1,us-south1,15.923
us-central1,us-west2,46.699
us-central1,us-east5,18.156
us-central1,asia-southeast1,205.726
us-central1,europe-north1,141.507
us-central1,asia-east1,149.761
us-central1,southamerica-west1,126.721
us-central1,europe-west8,119.342
us-central1,us-west4,40.303
us-central1,europe-west4,103.036
us-central1,asia-south1,240.052
us-central1,europe-west10,111.572
us-central1,asia-northeast1,145.457
us-central1,asia-south2,259.671
us-central1,me-central1,184.013
us-central1,asia-northeast3,172.759
us-central1,europe-west2,94.796
us-central1,northamerica-northeast1,29.308
us-central1,australia-southeast1,168.083
us-central1,europe-west3,110.447
us-central1,me-west1,148.631
us-central1,northamerica-northeast2,22.496
us-central1,us-west3,18.773
us-central1,us-east4,26.217
us-central1,southamerica-east1,137.598
us-central1,us-east1,33.147
us-east1,europe-west10,98.984
us-east1,australia-southeast1,195.043
us-east1,us-south1,27.837
us-east1,europe-west6,102.997
us-east1,europe-west12,101.376
us-east1,europe-north1,125.324
us-east1,europe-west3,97.91
us-east1,northamerica-northeast2,31.839
us-east1,us-west1,68.326
us-east1,europe-southwest1,88.495
us-east1,europe-west1,90.228
us-east1,europe-central2,107.371
us-east1,asia-east1,184.03
us-east1,asia-northeast1,156.037
us-east1,europe-west8,106.904
us-east1,asia-east2,200.21
us-east1,asia-southeast2,229.934
us-east1,europe-west9,86.811
us-east1,africa-south1,226.938
us-east1,asia-south2,249.804
us-east1,me-central1,169.966
us-east1,asia-south1,221.993
us-east1,me-west1,134.592
us-east1,northamerica-northeast1,24.649
us-east1,asia-northeast2,164.234
us-east1,europe-west2,85.511
us-east1,us-east5,21.195
us-east1,southamerica-east1,116.507
us-east1,asia-southeast1,217.714
us-east1,australia-southeast2,205.657
us-east1,us-west4,54.364
us-east1,us-west3,50.95
us-east1,europe-west4,97.92
us-east1,southamerica-west1,103.316
us-east1,us-west2,57.868
us-east1,asia-northeast3,183.912
us-east1,us-east4,11.68
us-east1,us-central1,33.84
us-east4,europe-west6,92.313
us-east4,me-west1,123.939
us-east4,us-west4,61.118
us-east4,europe-west8,96.036
us-east4,europe-west4,87.083
us-east4,europe-west10,88.335
us-east4,northamerica-northeast1,14.194
us-east4,me-central1,158.927
us-east4,us-west2,61.962
us-east4,europe-west3,87.003
us-east4,europe-west1,79.949
us-east4,asia-east1,173.298
us-east4,europe-west12,91.177
us-east4,asia-southeast2,226.071
us-east4,europe-central2,96.621
us-east4,asia-south2,235.523
us-east4,europe-west9,76.184
us-east4,europe-west2,75.056
us-east4,us-west3,42.469
us-east4,us-east5,8.378
us-east4,asia-northeast2,156.126
us-east4,asia-south1,212.158
us-east4,australia-southeast2,210.308
us-east4,europe-southwest1,78.111
us-east4,asia-northeast3,174.124
us-east4,southamerica-east1,114.359
us-east4,europe-north1,106.524
us-east4,asia-southeast1,213.368
us-east4,asia-northeast1,145.147
us-east4,us-west1,55.152
us-east4,northamerica-northeast2,21.586
us-east4,us-south1,30.51
us-east4,australia-southeast1,191.975
us-east4,africa-south1,216.911
us-east4,asia-east2,193.633
us-east4,us-central1,28.891
us-east4,us-east1,11.838
us-east4,southamerica-west1,114.745
us-east5,europe-west3,95.012
us-east5,us-west3,36.718
us-east5,europe-north1,117.283
us-east5,australia-southeast1,186.505
us-east5,europe-west1,87.891
us-east5,europe-southwest1,83.867
us-east5,asia-south2,240.803
us-east5,me-central1,167.367
us-east5,europe-west8,103.815
us-east5,us-central1,18.129
us-east5,us-west2,64.413
us-east5,us-west4,57.499
us-east5,us-east4,8.378
us-east5,asia-east1,168.298
us-east5,us-west1,50.225
us-east5,us-east1,22.261
us-east5,asia-southeast1,209.816
us-east5,europe-west12,98.731
us-east5,europe-west4,91.218
us-east5,northamerica-northeast2,20.974
us-east5,asia-east2,187.844
us-east5,us-south1,29.716
us-east5,europe-central2,104.433
us-east5,europe-west10,96.08
us-east5,asia-northeast1,137.628
us-east5,europe-west9,83.873
us-east5,me-west1,131.364
us-east5,northamerica-northeast1,20.32
us-east5,africa-south1,223.935
us-east5,asia-northeast2,151.028
us-east5,asia-south1,219.222
us-east5,europe-west2,80.726
us-east5,australia-southeast2,227.874
us-east5,southamerica-west1,120.205
us-east5,europe-west6,100.108
us-east5,asia-northeast3,167.37
us-east5,asia-southeast2,222.256
us-east5,southamerica-east1,122.082
us-south1,europe-west12,119.679
us-south1,southamerica-west1,120.283
us-south1,australia-southeast2,179.375
us-south1,us-west2,31.259
us-south1,us-east1,29.467
us-south1,europe-west8,124.303
us-south1,europe-west1,112.377
us-south1,me-west1,153.192
us-south1,europe-west4,116.952
us-south1,europe-north1,139.334
us-south1,europe-central2,126.337
us-south1,asia-east1,157.478
us-south1,me-central1,189.746
us-south1,europe-west2,104.277
us-south1,asia-south2,258.5
us-south1,us-central1,15.679
us-south1,australia-southeast1,168.597
us-south1,northamerica-northeast2,36.952
us-south1,us-west1,37.347
us-south1,europe-southwest1,107.933
us-south1,europe-west9,105.436
us-south1,europe-west3,116.543
us-south1,southamerica-east1,134.453
us-south1,europe-west6,122.158
us-south1,us-west4,28.559
us-south1,us-east5,29.482
us-south1,europe-west10,118.746
us-south1,asia-southeast2,203.419
us-south1,asia-southeast1,190.594
us-south1,asia-south1,238.826
us-south1,asia-northeast1,130.035
us-south1,asia-northeast2,138.226
us-south1,us-east4,30.86
us-south1,asia-east2,173.721
us-south1,us-west3,24.203
us-south1,asia-northeast3,157.039
us-south1,northamerica-northeast1,42.61
us-south1,africa-south1,247.821
us-west1,africa-south1,268.544
us-west1,europe-north1,157.823
us-west1,europe-central2,151.177
us-west1,asia-south2,225.349
us-west1,asia-northeast3,117.349
us-west1,europe-west3,141.719
us-west1,us-east1,69.233
us-west1,europe-southwest1,129.208
us-west1,asia-east1,118.531
us-west1,europe-west1,134.637
us-west1,europe-west12,146.907
us-west1,asia-northeast1,90.03
us-west1,europe-west8,150.655
us-west1,me-central1,215.38
us-west1,europe-west4,134.61
us-west1,europe-west6,146.913
us-west1,europe-west9,131.633
us-west1,australia-southeast2,148.141
us-west1,us-central1,31.6
us-west1,australia-southeast1,137.374
us-west1,northamerica-northeast2,53.734
us-west1,us-south1,37.348
us-west1,asia-northeast2,101.253
us-west1,northamerica-northeast1,60.423
us-west1,us-east5,50.219
us-west1,us-west4,23.596
us-west1,us-west3,26.573
us-west1,asia-east2,136.274
us-west1,me-west1,179.141
us-west1,southamerica-west1,129.614
us-west1,europe-west2,126.218
us-west1,us-east4,55.146
us-west1,southamerica-east1,168.822
us-west1,us-west2,24.564
us-west1,europe-west10,142.809
us-west1,asia-southeast2,170.678
us-west1,asia-south1,219.092
us-west1,asia-southeast1,158.079
us-west2,europe-west8,156.543
us-west2,us-south1,31.755
us-west2,europe-west9,137.944
us-west2,europe-west4,148.67
us-west2,africa-south1,277.204
us-west2,us-east4,61.963
us-west2,australia-southeast2,149.257
us-west2,europe-west10,149.119
us-west2,europe-west3,147.608
us-west2,asia-south2,227.251
us-west2,us-central1,46.673
us-west2,southamerica-west1,106.322
us-west2,australia-southeast1,137.866
us-west2,us-east5,64.668
us-west2,asia-northeast2,107.264
us-west2,europe-west12,152.106
us-west2,europe-southwest1,139.121
us-west2,europe-west1,141.087
us-west2,me-central1,221.73
us-west2,me-west1,184.297
us-west2,asia-southeast2,172.928
us-west2,asia-east2,143.013
us-west2,asia-south1,222.583
us-west2,asia-northeast3,126.604
us-west2,europe-central2,158.026
us-west2,europe-west2,135.78
us-west2,southamerica-east1,156.161
us-west2,asia-northeast1,99.535
us-west2,northamerica-northeast1,74.421
us-west2,us-east1,57.861
us-west2,us-west4,6.813
us-west2,asia-east1,126.946
us-west2,us-west1,24.574
us-west2,northamerica-northeast2,66.765
us-west2,europe-north1,163.445
us-west2,us-west3,15.151
us-west2,asia-southeast1,163.408
us-west2,europe-west6,152.749
us-west3,australia-southeast2,163.213
us-west3,asia-south2,241.056
us-west3,us-east5,36.751
us-west3,europe-west12,134.31
us-west3,europe-west9,118.933
us-west3,europe-west2,113.087
us-west3,southamerica-east1,156.634
us-west3,me-west1,166.272
us-west3,europe-west8,137.911
us-west3,europe-west10,130.318
us-west3,europe-southwest1,116.422
us-west3,me-central1,202.752
us-west3,europe-west3,128.872
us-west3,asia-southeast2,186.942
us-west3,northamerica-northeast1,48.311
us-west3,us-east4,42.489
us-west3,europe-west4,121.69
us-west3,europe-west6,134.309
us-west3,us-west1,26.576
us-west3,europe-north1,144.256
us-west3,asia-northeast2,120.811
us-west3,asia-northeast3,140.648
us-west3,europe-central2,138.702
us-west3,asia-east1,140.791
us-west3,asia-east2,156.802
us-west3,europe-west1,122.047
us-west3,us-east1,50.891
us-west3,northamerica-northeast2,40.904
us-west3,africa-south1,256.91
us-west3,us-west4,8.68
us-west3,asia-south1,233.516
us-west3,australia-southeast1,151.478
us-west3,us-south1,24.196
us-west3,asia-northeast1,113.405
us-west3,asia-southeast1,173.638
us-west3,us-west2,14.942
us-west3,us-central1,18.769
us-west3,southamerica-west1,120.307
us-west4,africa-south1,275.666
us-west4,northamerica-northeast2,60.921
us-west4,us-east4,62.582
us-west4,europe-west4,145.664
us-west4,europe-west9,133.192
us-west4,europe-west8,153.35
us-west4,asia-southeast2,178.545
us-west4,europe-west10,145.164
us-west4,europe-southwest1,136.182
us-west4,southamerica-west1,111.585
us-west4,australia-southeast1,143.703
us-west4,me-west1,181.209
us-west4,us-east5,57.227
us-west4,europe-west6,149.68
us-west4,europe-west2,132.741
us-west4,australia-southeast2,154.605
us-west4,us-west1,22.842
us-west4,asia-south1,224.104
us-west4,asia-east2,148.53
us-west4,asia-south2,231.882
us-west4,us-south1,28.738
us-west4,us-central1,40.298
us-west4,europe-north1,159.651
us-west4,asia-northeast1,104.672
us-west4,europe-central2,153.756
us-west4,europe-west3,145.38
us-west4,me-central1,216.874
us-west4,asia-northeast3,131.883
us-west4,us-east1,54.157
us-west4,southamerica-east1,162.105
us-west4,us-west3,8.665
us-west4,asia-southeast1,165.359
us-west4,us-west2,6.795
us-west4,northamerica-northeast1,67.742
us-west4,asia-northeast2,112.557
us-west4,asia-east1,132.536
us-west4,europe-west12,148.38
us-west4,europe-west1,142.093